customer_key,name,contact_no,nid
C000001,sumit,8801920345851,7505075708899
C000002,tammanne,8801817069329,1977731324842
C000003,kailash kumar,8801663795774,3769494056318
C000004,bhagwati prasad,8801533627961,9378834712725
C000005,ajay,8801943715786,3540815556323
C000006,silender,8801586293092,8516471122484
C000007,deepak,8801839144857,6155559095495
C000008,akhilesh,8801721432538,3287330990302
C000009,dipendra kumar,8801690939578,3411433613839
C000010,nitin,8801515224771,9450023534903
C000011,doodhnath pandit,8801738809307,6062101033058
C000012,aslam allam,8801748537389,9707236385043
C000013,rahul,8801737700905,5790562512938
C000014,jitender kumar,8801656030378,4426264282321
C000015,adnan,8801542504763,6225304110824
C000016,vijay,8801843473572,6604672400096
C000017,yogesh,8801612420774,9972938424847
C000018,kabir,8801628865612,4616559264146
C000019,sarvesh,8801744238299,9038873936812
C000020,rakesh sarkar,8801717568366,8166178628706
C000021,akash gupta,8801544524790,8674064894761
C000022,rahul,8801918987737,7788784415686
C000023,pintu thakur,8801927766002,3524475470287
C000024,vivek,8801822634636,3180141771419
C000025,mohd khairul,8801667354036,7723439819208
C000026,farmaan khan,8801893834993,7698110849478
C000027,vansu dev,8801647300439,8988312820804
C000028,vansu dev,8801712578164,5389305491490
C000029,shyam kumar,8801874210132,1522297282496
C000030,shafibul,8801526016641,6656780903090
C000031,lalit kathuriya,8801711184250,6833928333375
C000032,pooran chand,8801698869279,3538485574648
C000033,aamir hussain,8801777189774,1373157059775
C000034,kamal jit singh,8801646911049,7590641619606
C000035,shiv kumar,8801644450315,1761537786853
C000036,mayank chaudhary @ rahul,8801661230831,9027785199298
C000037,rohit,8801923590953,9826607664591
C000038,som dutt,8801952058891,9339490714426
C000039,bablu regar,8801537552720,9915897050589
C000040,rohit,8801687111649,2250720242634
C000041,rajkumar,8801743750264,2275756669405
C000042,mubarik,8801750166621,3929448222437
C000043,niraj,8801935930205,2121307520756
C000044,sarbjeet @ ronak,8801768252111,2254865405748
C000045,axat,8801995291805,7409706667535
C000046,amit,8801628366788,3144156768483
C000047,anubhav shrivastab,8801670825340,2404227777323
C000048,akkash,8801614834788,1646452111288
C000049,himanshu,8801963230106,6134468379503
C000050,harsh dagar,8801717553729,6599359966721
C000051,anil kumar,8801529215191,7449955169512
C000052,vijay virmani,8801898159810,8092255474388
C000053,vivek auhari,8801578068355,1916290391358
C000054,sachin,8801924170262,2727834743260
C000055,subhash chand bhatia,8801810622191,4970977659761
C000056,bhupender,8801947122143,3057300958563
C000057,raghunandan das,8801532143975,5263290638084
C000058,sanjay,8801855097612,1514437931498
C000059,ajay kumar,8801921240990,6260708988679
C000060,yognder,8801638316246,3367770095638
C000061,subhash,8801665880144,3000248828887
C000062,arun @ vicky,8801866477827,4266985070251
C000063,rahul,8801512878636,9533375494747
C000064,vikas,8801534770856,8648180768122
C000065,vinod,8801698573991,1644659365871
C000066,salman,8801947559107,3088660716383
C000067,mohan kumar,8801770773279,4410752435075
C000068,sandeep meghawal,8801541388189,7492642038612
C000069,imamudeen,8801614894767,4718838585576
C000070,sandeep kumar,8801857439507,8040583637007
C000071,tarjan,8801685610321,4102275273774
C000072,kuldeep singh,8801953243498,7038273353557
C000073,murari,8801795628643,2283120720995
C000074,ramvilash,8801967797331,1979259403439
C000075,jagdish,8801766011925,9139438039454
C000076,vishal @ moni,8801835172783,8115792094526
C000077,mohd shahid,8801959642215,2617465125963
C000078,ramvilash,8801759073688,6720482051449
C000079,kuldeep,8801722483056,4579963572359
C000080,talim,8801916095095,5513231513847
C000081,nanku prasad,8801991833172,9739357067896
C000082,bhola sarkar,8801835611685,8639232379379
C000083,balraj,8801933656310,1479792048835
C000084,ravindra kumar,8801876393480,5509560089072
C000085,rohit kumar,8801527487490,8882208281974
C000086,uttam kumar @ sanki,8801845551840,2231919872169
C000087,babalu sen,8801537499672,4300971303971
C000088,rustam shah,8801771799883,4682037288699
C000089,sukhdev,8801613019793,5390888225047
C000090,b vikjay kumar,8801691875707,2140216911324
C000091,dolly @ rekha w/o monto shah,8801722771508,5294846046662
C000092,gopal sharma,8801632649652,3051979586369
C000093,beeru,8801710588748,4117878363612
C000094,vipin,8801547576926,2846801847000
C000095,manish garg,8801652398658,9055154533399
C000096,guddu,8801951847045,3007242011292
C000097,jatin @ sonu,8801555327433,3969980579507
C000098,amit kumar,8801716978984,9671406324392
C000099,amit kumar,8801928570937,1183895928227
